Workbook
Name _SHR1: 'Personnaliser votre facture'!$D$30
Name _SHR2: 'Personnaliser votre facture'!$G$30
Name _Tax1: Facture!#REF!
Name _Tax2: Facture!$K$44
Name _Tax3: Facture!$K$46
Name _tax4: Facture!$K$46
Name boxes: Facture!$C$44:$C$45
Name CC: 'Personnaliser votre facture'!$G$22:$G$25
Name CCT: Facture!$F$46
Name CDB: 'Personnaliser votre facture'!$E$50
Name Country: 33
Name CS: 'Personnaliser votre facture'!$E$51
Name data1: Facture!$K$21
Name data10: Facture!$D$24
Name data11: Facture!#REF!
Name data12: Facture!#REF!
Name data13: Facture!#REF!
Name data14: Facture!#REF!
Name data15: Facture!#REF!
Name data16: Facture!#REF!
Name data17: Facture!#REF!
Name data18: Facture!#REF!
Name data19: Facture!#REF!
Name data2: Facture!$L$22
Name data20: Facture!#REF!
Name data21: Facture!#REF!
Name data22: Facture!#REF!
Name data23: Facture!#REF!
Name data24: Facture!#REF!
Name data25: Facture!#REF!
Name data26: Facture!#REF!
Name data27: Facture!#REF!
Name data28: Facture!#REF!
Name data29: Facture!#REF!
Name data3: Facture!$L$23
Name data30: Facture!#REF!
Name data31: Facture!#REF!
Name data32: Facture!#REF!
Name data33: Facture!#REF!
Name data34: Facture!#REF!
Name data35: Facture!#REF!
Name data36: Facture!#REF!
Name data37: Facture!#REF!
Name data38: Facture!#REF!
Name data39: Facture!#REF!
Name data4: Facture!$L$24
Name data40: Facture!#REF!
Name data41: Facture!#REF!
Name data42: Facture!#REF!
Name data43: Facture!#REF!
Name data44: Facture!#REF!
Name data45: Facture!#REF!
Name data46: Facture!#REF!
Name data47: Facture!$C$27
Name data48: Facture!$D$27
Name data49: Facture!$K$27
Name data5: Facture!$C$21
Name data50: Facture!#REF!
Name data51: Facture!#REF!
Name data52: Facture!#REF!

Sheet AutoOpen Stub Data

Sheet Personnaliser votre facture
D4: PERSONNALISER VOTRE FACTURE
G7: Placez votre point
G8: ICI pour un conseil utile
D10: Tapez les informations sur la société...
D12: Nom | E12: GAMESTREAM ATLAS ORGANISME DE FORMATION N° D'AGREMENT : 01 069 11 | F12: Numéro de téléphone
D13: Adresse | E13: 4 RUE DU CAIRE 1001 TUNIS | F13: Numéro de télécopie
D14: Code postal | E14: TEL: 71 258108
D15: Ville | E15: FAX : 71 259346
D16: Pays
D19: Spécifiez les informations par défaut…
E21: Taux de TVA à appliquer | G21: Cartes de crédit acceptées
D22: 1 | E22: 0.1
D23: 2 | E23: 0.18
D24: 3 | E24: 0.29
F27: TIMBRE FISCAL | G27: 0.2
D30: FALSE | E30: Partage de la numérotation du | F30: Emplacement
E31: modèle de facture sur le réseau | F31: du compteur
E33: Base de données de l'Assistant Modèle | F33: =LOWER(TemplateInformation!B3) -> c:\program files\microsoft office\office\macrolib\factbd.xls
D36: Informations sur la mise en forme
E47: 33
E48: 0
E49: FALSE
E50: FALSE
E51: Facture
E52: Facture

Sheet Facture
K13: http://www.camp.it
K17: DEVIS N° 2023-1275
B21: Nom | C21: IBS TELECOM | J21: Date | K21: 45162
B22: Adresse | C22: 02 rue de la recolte Jaafar 1 ; route Raoued ; Ariana; Tunisie | J22: Commande N°:
B23: Code postal | D23: Ville | G23: Pays | H23: TN | J23: Responsable | K23: MR Khaterchi Mohsen
B24: Téléphone | C24: 24 614 045 Fax: | J24: MF | K24: 1110069S/A/M/000
B26: Référence | C26: Quantité | D26: Description | K26: P.U | L26: Montant
L27: =IF(C27<>"",C27*K27,"")
D28: LIGNE DE VIE conforme aux: | L28: =IF(C28<>"",C28*K28,"")
D29: * Norme Européenne EN353-1 :2014+A1:2017 | L29: =IF(C29<>"",C29*K29,"")
D30: * la réglementation nationale américaine, | L30: =IF(C30<>"",C30*K30,"")
D31: OSHA 1910 | L31: =IF(C31<>"",C31*K31,"")
D32: ANSI A14 -3 | L32: =IF(C32<>"",C32*K32,"")
L33: =IF(C33<>"",C33*K33,"")
L34: =IF(C34<>"",C34*K34,"")
B35: ldv_15 | C35: 2 | D35: LIGNE DE VIE 15 M | K35: 1757 | L35: =IF(C35<>"",C35*K35,"") -> 3514
L38: =IF(C38<>"",C38*K38,"")
L39: =IF(C39<>"",C39*K39,"")
K42: Total H.T. | L42: =SUM(L27:L41) -> 3514
K43: TIMBRE FISCAL | L43: 1
D44: Comptant | K44: 0.19 | L44: =L42*0.19 -> 667.66
D45: Chèque | K45: Total T.T.C. | L45: =+L42+L43+L44 -> 4182.66
C46: 1 | D46: Virement
K49: SIGNATURE & CACHET
A51: RIB: 10 000 000 080746 3788 95
A52: STB THAMEUR
C53: 4 RUE DU CAIRE 1001 TUNIS TEL: 71 258108 FAX : 71 259346 RC:B161701999 MF:645 267 KMA 000
D56: Site web:www.acrobatsolution.com
C57: MAIL: gamestream@plane.tn///////gamestream.formation@gmail.com

Sheet Patientez un instant...

Sheet TemplateInformation
A1: AutoTemplateWizardDONTMESSWITHIT
A2: Database Type: | B2: Excel 5.0
A3: Database Location: | B3: C:\PROGRAM FILES\MICROSOFT OFFICE\OFFICE\MACROLIB\factbd.xls
A4: Reserved
A5: Number of Tables: | B5: 1
A6: 1 | B6: Table Name: | C6: France | D6: Number of Fields: | E6: 10 | G6: -1383939328
A7: Field Name: | B7: Facture N° | C7: Date | D7: Nom | E7: Adresse | F7: Code postal | G7: Ville | H7: Pays | I7: Téléphone | J7: TOTAL | K7: Responsable
A8: Refers To: | B8: =Facture!#REF! -> #REF! | C8: =Facture!$K$21 -> 45162 | D8: =Facture!$C$21 -> IBS TELECOM | E8: =Facture!$C$22 -> 02 rue de la recolte Jaafar 1 ; route Raoued ; Ariana; Tunisie | F8: =Facture!$C$23 -> 0 | G8: =Facture!$E$23 -> 0 | H8: =Facture!$H$23 -> TN | I8: =Facture!$C$24 -> 24 614 045 Fax: | J8: =Facture!$L$45 -> 4182.66 | K8: =Facture!$K$23 -> MR Khaterchi Mohsen
A9: Reserved
G10: -1261995520
G14: -462007040

Sheet Macros
