Workbook
Name _SHR1: 'Personnaliser votre facture'!$D$30
Name _SHR2: 'Personnaliser votre facture'!$G$30
Name _Tax1: Facture!#REF!
Name _Tax2: Facture!$N$52
Name _Tax3: Facture!#REF!
Name _tax4: Facture!#REF!
Name boxes: Facture!$E$52:$E$53
Name CC: 'Personnaliser votre facture'!$G$22:$G$25
Name CCT: Facture!$H$54
Name CDB: 'Personnaliser votre facture'!$E$50
Name Country: 33
Name CS: 'Personnaliser votre facture'!$E$51
Name data1: Facture!$N$19
Name data10: Facture!$F$22
Name data11: Facture!$E$25
Name data12: Facture!$F$25
Name data13: Facture!$N$25
Name data14: Facture!$E$27
Name data15: Facture!$F$27
Name data16: Facture!$N$27
Name data17: Facture!#REF!
Name data18: Facture!#REF!
Name data19: Facture!#REF!
Name data2: Facture!$O$20
Name data20: Facture!$E$28
Name data21: Facture!$F$28
Name data22: Facture!$N$28
Name data23: Facture!#REF!
Name data24: Facture!#REF!
Name data25: Facture!#REF!
Name data26: Facture!#REF!
Name data27: Facture!#REF!
Name data28: Facture!#REF!
Name data29: Facture!#REF!
Name data3: Facture!$O$21
Name data30: Facture!#REF!
Name data31: Facture!#REF!
Name data32: Facture!#REF!
Name data33: Facture!#REF!
Name data34: Facture!#REF!
Name data35: Facture!#REF!
Name data36: Facture!#REF!
Name data37: Facture!#REF!
Name data38: Facture!#REF!
Name data39: Facture!#REF!
Name data4: Facture!$O$22
Name data40: Facture!#REF!
Name data41: Facture!#REF!
Name data42: Facture!#REF!
Name data43: Facture!#REF!
Name data44: Facture!#REF!
Name data45: Facture!$F$48
Name data46: Facture!#REF!
Name data47: Facture!#REF!
Name data48: Facture!#REF!
Name data49: Facture!#REF!
Name data5: Facture!$E$19
Name data50: Facture!#REF!
Name data51: Facture!#REF!
Name data52: Facture!#REF!

Sheet AutoOpen Stub Data

Sheet Personnaliser votre facture
D4: PERSONNALISER VOTRE FACTURE
G7: Placez votre point
G8: ICI pour un conseil utile
D10: Tapez les informations sur la société...
D12: Nom | E12: GAMESTREAM ATLAS ORGANISME DE FORMATION N° D'AGREMENT : 01 069 11 | F12: Numéro de téléphone
D13: Adresse | E13: 4 RUE DU CAIRE 1001 TUNIS | F13: Numéro de télécopie
D14: Code postal | E14: TEL: 71 258108
D15: Ville | E15: FAX : 71 259346
D16: Pays
D19: Spécifiez les informations par défaut…
E21: Taux de TVA à appliquer | G21: Cartes de crédit acceptées
D22: 1 | E22: 0.1
D23: 2 | E23: 0.18
D24: 3 | E24: 0.29
F27: TIMBRE FISCAL | G27: 0.2
D30: FALSE | E30: Partage de la numérotation du | F30: Emplacement
E31: modèle de facture sur le réseau | F31: du compteur
E33: Base de données de l'Assistant Modèle | F33: =LOWER(TemplateInformation!B3) -> c:\program files\microsoft office\office\macrolib\factbd.xls
D36: Informations sur la mise en forme
E47: 33
E48: 0
E49: FALSE
E50: FALSE
E51: Facture
E52: Facture

Sheet Facture
N15: FACTURE 2018039
D19: Nom | E19: SNA borj cedria | M19: Date | N19: 43348
D20: Adresse | E20: GP1 KM1 12 EZZAHRA | M20: Commande N°: OA955345
D21: Code postal | F21: Ville | I21: Pays | J21: TN | M21: Responsable | N21: Mr hedi ben chaabane
D22: Téléphone | E22: 70 020 520 Fax:71 452 189 | M22: MF | N22: 2992K/A/M/000
D24: Référence | E24: Quantité | F24: Description | M24: Code T.V.A. | N24: P.U. | O24: Montant
D25: 2120 | E25: 5 | F25: Harnais orbital | N25: 207 | O25: =IF(E25<>"",E25*N25,"") -> 1035
F26: EN361,EN358
F27: ID:1115/T0585 | M27: 2 | O27: =IF(E27<>"",E27*N27,"")
F28: ID:1115/T0335 | M28: 2 | O28: =IF(E28<>"",E28*N28,"")
F29: ID:1115/T0602 | O29: =IF(E29<>"",E29*N29,"")
F30: ID:1115/T0650
F31: ID:1115/T0724
D32: 203008 | E32: 5 | F32: Longe double cordage | N32: 148.5 | O32: =IF(E32<>"",E32*N32,"") -> 742.5
F33: EN 355
F34: ID:0117/0134 | O34: =IF(E34<>"",E34*N34,"")
F35: ID:0117/0140 | O35: =IF(E35<>"",E35*N35,"")
F36: ID:0117/0131 | O36: =IF(E36<>"",E36*N36,"")
F37: ID:0117/0135
F38: ID:0117/0137
O39: =IF(E39<>"",E39*N39,"")
O41: =IF(E41<>"",E41*N41,"")
O42: =IF(E42<>"",E42*N42,"")
O43: =IF(E43<>"",E43*N43,"")
O44: =IF(E44<>"",E44*N44,"")
O45: =IF(E45<>"",E45*N45,"")
F47: PRODUITS CONFORMES CE | O47: =IF(E47<>"",E47*N47,"")
F48: MARQUE CAMP SAFETY | O48: =IF(E48<>"",E48*N48,"")
O49: =IF(E49<>"",E49*N49,"")
N50: Total H.T. | O50: =SUM(O25:O49) -> 1777.5
N51: TIMBRE FISCAL
F52: Comptant | N52: 0.19
F53: Chèque | N53: Total T.T.C. | O53: =O50+O51+O52 -> 1777.5
E54: 2
K58: SIGNATURE :

Sheet Patientez un instant...

Sheet TemplateInformation
A1: AutoTemplateWizardDONTMESSWITHIT
A2: Database Type: | B2: Excel 5.0
A3: Database Location: | B3: C:\PROGRAM FILES\MICROSOFT OFFICE\OFFICE\MACROLIB\factbd.xls
A4: Reserved
A5: Number of Tables: | B5: 1
A6: 1 | B6: Table Name: | C6: France | D6: Number of Fields: | E6: 10 | G6: -1383939328
A7: Field Name: | B7: Facture N° | C7: Date | D7: Nom | E7: Adresse | F7: Code postal | G7: Ville | H7: Pays | I7: Téléphone | J7: TOTAL | K7: Responsable
A8: Refers To: | B8: =Facture!$O$11 | C8: =Facture!$N$19 -> 43348 | D8: =Facture!$E$19 -> SNA borj cedria | E8: =Facture!$E$20 -> GP1 KM1 12 EZZAHRA | F8: =Facture!$E$21 -> 0 | G8: =Facture!$G$21 -> 0 | H8: =Facture!$J$21 -> TN | I8: =Facture!$E$22 -> 70 020 520 Fax:71 452 189 | J8: =Facture!$O$53 -> 1777.5 | K8: =Facture!$N$21 -> Mr hedi ben chaabane
A9: Reserved
G10: -1261995520
G14: -462007040

Sheet Macros
