Workbook
Name _SHR1: 'Personnaliser votre facture'!$D$30
Name _SHR2: 'Personnaliser votre facture'!$G$30
Name _Tax1: Facture!#REF!
Name _Tax2: Facture!$J$49
Name _Tax3: Facture!#REF!
Name _tax4: Facture!#REF!
Name boxes: Facture!$C$47:$C$48
Name CC: 'Personnaliser votre facture'!$G$22:$G$25
Name CCT: Facture!#REF!
Name CDB: 'Personnaliser votre facture'!$E$50
Name Country: 33
Name CS: 'Personnaliser votre facture'!$E$51
Name data1: Facture!$J$19
Name data10: Facture!$D$22
Name data11: Facture!#REF!
Name data12: Facture!#REF!
Name data13: Facture!#REF!
Name data14: Facture!#REF!
Name data15: Facture!#REF!
Name data16: Facture!#REF!
Name data17: Facture!#REF!
Name data18: Facture!#REF!
Name data19: Facture!#REF!
Name data2: Facture!$K$20
Name data20: Facture!#REF!
Name data21: Facture!#REF!
Name data22: Facture!#REF!
Name data23: Facture!#REF!
Name data24: Facture!#REF!
Name data25: Facture!#REF!
Name data26: Facture!#REF!
Name data27: Facture!#REF!
Name data28: Facture!#REF!
Name data29: Facture!#REF!
Name data3: Facture!$K$21
Name data30: Facture!#REF!
Name data31: Facture!#REF!
Name data32: Facture!#REF!
Name data33: Facture!#REF!
Name data34: Facture!#REF!
Name data35: Facture!#REF!
Name data36: Facture!#REF!
Name data37: Facture!#REF!
Name data38: Facture!#REF!
Name data39: Facture!#REF!
Name data4: Facture!$K$22
Name data40: Facture!#REF!
Name data41: Facture!#REF!
Name data42: Facture!#REF!
Name data43: Facture!#REF!
Name data44: Facture!#REF!
Name data45: Facture!#REF!
Name data46: Facture!#REF!
Name data47: Facture!#REF!
Name data48: Facture!#REF!
Name data49: Facture!#REF!
Name data5: Facture!$C$19
Name data50: Facture!#REF!
Name data51: Facture!#REF!
Name data52: Facture!#REF!

Sheet AutoOpen Stub Data

Sheet Personnaliser votre facture
D4: PERSONNALISER VOTRE FACTURE
G7: Placez votre point
G8: ICI pour un conseil utile
D10: Tapez les informations sur la société...
D12: Nom | E12: GAMESYSTEM ATLAS services | F12: Numéro de téléphone
D13: Adresse | E13: 4 RUE DU CAIRE 1001 TUNIS | F13: Numéro de télécopie
D14: Code postal | E14: TEL: 71 258108
D15: Ville | E15: FAX : 71 259346
D16: Pays
D19: Spécifiez les informations par défaut…
E21: Taux de TVA à appliquer | G21: Cartes de crédit acceptées
D22: 1 | E22: 0.1
D23: 2 | E23: 0.18
D24: 3 | E24: 0.29
F27: TIMBRE FISCAL | G27: 0.2
D30: FALSE | E30: Partage de la numérotation du | F30: Emplacement
E31: modèle de facture sur le réseau | F31: du compteur
E33: Base de données de l'Assistant Modèle | F33: =LOWER(TemplateInformation!B3) -> c:\program files\microsoft office\office\macrolib\factbd.xls
D36: Informations sur la mise en forme
E47: 33
E48: 0
E49: FALSE
E50: FALSE
E51: Facture
E52: Facture

Sheet Facture
B15: RC:B161701999 MF:645 267 KMA 000 | J15: DEVIS 2025-483
B19: Nom: | C19: 3 ETEL | J19: Date :07/10/2025
B20: Adresse: | C20: ROGBA TATAOUINE 3293 | J20: Consultation:
B21: Code postal: | D21: Ville | G21: Pays | H21: TN | J21: Responsable:Mme feryel
B22: Téléphone: | J22: 1066643Y/A/M/000
B24: Référence | C24: Quantité | D24: Description | J24: P.U. | K24: Montant
D26: LIGNE DE VIE conforme aux:
D27: * Norme Européenne EN353-1 :2014+A1:2017
D28: * la réglementation nationale américaine,
D29: OSHA 1910
D30: ANSI A14 -3
C31: 1 | D31: LIGNE DE VIE 10 M | J31: 1480 | K31: 1480
C33: 1 | D33: LIGNE DE VIE 13 M | J33: 1692 | K33: =J33*C33 -> 1692
C35: 1 | D35: LIGNE DE VIE 16 M | J35: 1839 | K35: =J35*C35 -> 1839
C37: 1 | D37: LIGNE DE VIE 19 M | J37: 2085 | K37: =J37*C37 -> 2085
C39: 1 | D39: LIGNE DE VIE 25 M | J39: 2584 | K39: =J39*C39 -> 2584
C41: 1 | D41: LIGNE DE VIE 36 M | J41: 3492 | K41: =J41*C41 -> 3492
C43: 1 | D43: LIGNE DE VIE 46 M | J43: 4319 | K43: =J43*C43 -> 4319
C45: 1 | D45: LIGNE DE VIE 66 M | J45: 5973 | K45: =J45*C45 -> 5973
J47: Total H.T. | K47: =SUM(K25:K46) -> 23464
C48: Comptant | J48: TIMBRE FISCAL | K48: 1
C49: Chèque | J49: 0.19 | K49: =(K47)*0.19 -> 4458.16
J50: Total T.T.C. | K50: =+K47+K48+K49 -> 27923.16
J51: SIGNATURE :
B53: RIB: 10 000 000 080746 3788 95
B54: STB THAMEUR
B56: 4 RUE DU CAIRE 1001 TUNIS TEL: 71 258108 FAX : 71 259346 RC:B161701999 MF:645 267 KMA 000
B58: Site web:www.acrobatsolution.com
C60: MAIL: gamestream@plane.tn///////gamestream.formation@gmail.com

Sheet Patientez un instant...

Sheet TemplateInformation
A1: AutoTemplateWizardDONTMESSWITHIT
A2: Database Type: | B2: Excel 5.0
A3: Database Location: | B3: C:\PROGRAM FILES\MICROSOFT OFFICE\OFFICE\MACROLIB\factbd.xls
A4: Reserved
A5: Number of Tables: | B5: 1
A6: 1 | B6: Table Name: | C6: France | D6: Number of Fields: | E6: 10 | G6: 1197261567
A7: Field Name: | B7: Facture N° | C7: Date | D7: Nom | E7: Adresse | F7: Code postal | G7: Ville | H7: Pays | I7: Téléphone | J7: TOTAL | K7: Responsable
A8: Refers To: | B8: =Facture!#REF! -> #REF! | C8: =Facture!$J$19 -> Date :07/10/2025 | D8: =Facture!$C$19 -> 3 ETEL | E8: =Facture!$C$20 -> ROGBA TATAOUINE 3293 | F8: =Facture!$C$21 -> 0 | G8: =Facture!$E$21 -> 0 | H8: =Facture!$H$21 -> TN | I8: =Facture!$C$22 -> 0 | J8: =Facture!$K$50 -> 27923.16 | K8: =Facture!$J$21 -> Responsable:Mme feryel
A9: Reserved
G10: 733575679
G14: -550152960

Sheet Macros
