Workbook
Name _SHR1: 'Personnaliser votre facture'!$D$30
Name _SHR2: 'Personnaliser votre facture'!$G$30
Name _Tax1: Facture!$K$47
Name _Tax2: Facture!#REF!
Name _Tax3: Facture!#REF!
Name _tax4: Facture!#REF!
Name boxes: Facture!$D$47:$D$48
Name CC: 'Personnaliser votre facture'!$G$22:$G$25
Name CCT: Facture!$G$51
Name CDB: 'Personnaliser votre facture'!$E$50
Name Country: 33
Name CS: 'Personnaliser votre facture'!$E$51
Name data1: Facture!$K$23
Name data10: Facture!$E$26
Name data11: Facture!$D$31
Name data12: Facture!$E$31
Name data13: Facture!$K$31
Name data14: Facture!$D$32
Name data15: Facture!$E$32
Name data16: Facture!$K$32
Name data17: Facture!#REF!
Name data18: Facture!#REF!
Name data19: Facture!#REF!
Name data2: Facture!$L$24
Name data20: Facture!#REF!
Name data21: Facture!#REF!
Name data22: Facture!#REF!
Name data23: Facture!#REF!
Name data24: Facture!#REF!
Name data25: Facture!#REF!
Name data26: Facture!#REF!
Name data27: Facture!#REF!
Name data28: Facture!#REF!
Name data29: Facture!#REF!
Name data3: Facture!$L$25
Name data30: Facture!#REF!
Name data31: Facture!#REF!
Name data32: Facture!#REF!
Name data33: Facture!#REF!
Name data34: Facture!#REF!
Name data35: Facture!#REF!
Name data36: Facture!#REF!
Name data37: Facture!#REF!
Name data38: Facture!#REF!
Name data39: Facture!#REF!
Name data4: Facture!$L$26
Name data40: Facture!#REF!
Name data41: Facture!#REF!
Name data42: Facture!#REF!
Name data43: Facture!#REF!
Name data44: Facture!#REF!
Name data45: Facture!#REF!
Name data46: Facture!#REF!
Name data47: Facture!#REF!
Name data48: Facture!#REF!
Name data49: Facture!#REF!
Name data5: Facture!$D$23
Name data50: Facture!#REF!
Name data51: Facture!#REF!
Name data52: Facture!#REF!

Sheet AutoOpen Stub Data

Sheet Personnaliser votre facture
D4: PERSONNALISER VOTRE FACTURE
G7: Placez votre point
G8: ICI pour un conseil utile
D10: Tapez les informations sur la société...
D12: Nom | E12: GAMESTREAM ATLAS ORGANISME DE FORMATION N° D'AGREMENT : 01 069 11 | F12: Numéro de téléphone
D13: Adresse | E13: 4 RUE DU CAIRE 1001 TUNIS | F13: Numéro de télécopie
D14: Code postal | E14: TEL: 71 258108
D15: Ville | E15: FAX : 71 259346
D16: Pays
D19: Spécifiez les informations par défaut…
E21: Taux de TVA à appliquer | G21: Cartes de crédit acceptées
D22: 1 | E22: 0.1
D23: 2 | E23: 0.18
D24: 3 | E24: 0.29
F27: TIMBRE FISCAL | G27: 0.2
D30: FALSE | E30: Partage de la numérotation du | F30: Emplacement
E31: modèle de facture sur le réseau | F31: du compteur
E33: Base de données de l'Assistant Modèle | F33: =LOWER(TemplateInformation!B3) -> c:\program files\microsoft office\office\macrolib\factbd.xls
D36: Informations sur la mise en forme
E47: 33
E48: 0
E49: FALSE
E50: FALSE
E51: Facture
E52: Facture

Sheet Facture
K15: Facture N°2026-005
C23: Nom: | D23: SMARTSITE | J23: Date: | K23: 46055
C24: Adresse: | D24: TUNIS | J24: COMMANDE N°:
C25: Code postal: | E25: Ville: | H25: PAYS | I25: TN | J25: Responsable: wissem attia
C26: Téléphone: | J26: MF: | K26: 1441776E
C30: Référence | D30: NOMBRE | E30: Description | K30: P.U. | L30: Montant
L31: =IF(D31<>"",D31*K31,"")
E32: FORMATION THEORIQUE ET PRATIQUE | L32: =IF(D32<>"",D32*K32,"")
D35: 8 | E35: TRAVAIL EN HAUTEUR | K35: 250 | L35: =IF(D35<>"",D35*K35,"") -> 2000
L36: =IF(D36<>"",D36*K36,"")
D37: 3 | E37: HABILITATION ELECTRIQUE | K37: 250 | L37: =IF(D37<>"",D37*K37,"") -> 750
L38: =IF(D38<>"",D38*K38,"")
D39: 3 | E39: SECOURISME | K39: 250 | L39: =IF(D39<>"",D39*K39,"") -> 750
K45: Total H.T. | L45: =SUM(L33:L44) -> 3500
E46: Comptant | K46: TIMBRE FISCAL | L46: 1
E47: Virement | K47: T.V.A 19% | L47: =+L45*19% -> 665
E48: Chèque | K48: Total T.T.C. | L48: =L45+L47+L46 -> 4166
C50: ARRETE LA PRESENTE FACTURE LA SOMME DE :QUATRE MILLE CENT SOIXANTE SIX DINARS
K51: SIGNATURE & CACHET
B53: RIB : 10 000 000 081951 8 78890
B54: STB THAMEUR
B62: 4,RUE DU CAIRE 1001 TUNIS- Tunisie Tél : (216).71 258 108 Fax : (216).71 259 346 RDC:B159472001 / MF:778013 ZMA 000 Mail:gamestream@planet.tn//gamestream.formation@gmail.com

Sheet Patientez un instant...

Sheet TemplateInformation
A1: AutoTemplateWizardDONTMESSWITHIT
A2: Database Type: | B2: Excel 5.0
A3: Database Location: | B3: C:\PROGRAM FILES\MICROSOFT OFFICE\OFFICE\MACROLIB\factbd.xls
A4: Reserved
A5: Number of Tables: | B5: 1
A6: 1 | B6: Table Name: | C6: France | D6: Number of Fields: | E6: 10 | G6: -727923968
A7: Field Name: | B7: Facture N° | C7: Date | D7: Nom | E7: Adresse | F7: Code postal | G7: Ville | H7: Pays | I7: Téléphone | J7: TOTAL | K7: Responsable
A8: Refers To: | B8: =Facture!$L$11 | C8: =Facture!$K$23 -> 46055 | D8: =Facture!$D$23 -> SMARTSITE | E8: =Facture!$D$24 -> TUNIS | F8: =Facture!$D$25 -> 0 | G8: =Facture!$F$25 -> 0 | H8: =Facture!$I$25 -> TN | I8: =Facture!$D$26 -> 0 | J8: =Facture!$L$48 -> 4166 | K8: =Facture!$K$25 -> 0
A9: Reserved
G10: 324499967
G14: 1194546431

Sheet Macros
