Workbook
Name _SHR1: 'Personnaliser votre facture'!$D$30
Name _SHR2: 'Personnaliser votre facture'!$G$30
Name _Tax1: Facture!$L$54
Name _Tax2: Facture!#REF!
Name _Tax3: Facture!#REF!
Name _tax4: Facture!#REF!
Name boxes: Facture!$E$54:$E$55
Name CC: 'Personnaliser votre facture'!$G$22:$G$25
Name CCT: Facture!$H$56
Name CDB: 'Personnaliser votre facture'!$E$50
Name Country: 33
Name CS: 'Personnaliser votre facture'!$E$51
Name data1: Facture!$L$23
Name data10: Facture!$F$26
Name data11: Facture!#REF!
Name data12: Facture!#REF!
Name data13: Facture!#REF!
Name data14: Facture!#REF!
Name data15: Facture!#REF!
Name data16: Facture!#REF!
Name data17: Facture!#REF!
Name data18: Facture!#REF!
Name data19: Facture!#REF!
Name data2: Facture!$M$24
Name data20: Facture!#REF!
Name data21: Facture!#REF!
Name data22: Facture!#REF!
Name data23: Facture!#REF!
Name data24: Facture!#REF!
Name data25: Facture!#REF!
Name data26: Facture!#REF!
Name data27: Facture!#REF!
Name data28: Facture!#REF!
Name data29: Facture!#REF!
Name data3: Facture!$M$25
Name data30: Facture!#REF!
Name data31: Facture!#REF!
Name data32: Facture!#REF!
Name data33: Facture!#REF!
Name data34: Facture!#REF!
Name data35: Facture!#REF!
Name data36: Facture!#REF!
Name data37: Facture!#REF!
Name data38: Facture!#REF!
Name data39: Facture!#REF!
Name data4: Facture!$M$26
Name data40: Facture!#REF!
Name data41: Facture!#REF!
Name data42: Facture!#REF!
Name data43: Facture!#REF!
Name data44: Facture!#REF!
Name data45: Facture!#REF!
Name data46: Facture!#REF!
Name data47: Facture!$E$37
Name data48: Facture!$F$37
Name data49: Facture!$L$37
Name data5: Facture!$E$23
Name data50: Facture!#REF!
Name data51: Facture!#REF!
Name data52: Facture!#REF!

Sheet AutoOpen Stub Data

Sheet Personnaliser votre facture
D4: PERSONNALISER VOTRE FACTURE
G7: Placez votre point
G8: ICI pour un conseil utile
D10: Tapez les informations sur la société...
D12: Nom | E12: GAMESTREAM ATLAS ORGANISME DE FORMATION N° D'AGREMENT : 01 069 11 | F12: Numéro de téléphone
D13: Adresse | E13: 4 RUE DU CAIRE 1001 TUNIS | F13: Numéro de télécopie
D14: Code postal | E14: TEL: 71 258108
D15: Ville | E15: FAX : 71 259346
D16: Pays
D19: Spécifiez les informations par défaut…
E21: Taux de TVA à appliquer | G21: Cartes de crédit acceptées
D22: 1 | E22: 0.1
D23: 2 | E23: 0.18
D24: 3 | E24: 0.29
F27: TIMBRE FISCAL | G27: 0.2
D30: FALSE | E30: Partage de la numérotation du | F30: Emplacement
E31: modèle de facture sur le réseau | F31: du compteur
E33: Base de données de l'Assistant Modèle | F33: =LOWER(TemplateInformation!B3) -> c:\program files\microsoft office\office\macrolib\factbd.xls
D36: Informations sur la mise en forme
E47: 33
E48: 0
E49: FALSE
E50: FALSE
E51: Facture
E52: Facture

Sheet Facture
L15: DEVIS N°270402/2018
D18: RDC:B159472001 / MF:778013 ZMA 000
D23: Nom: | E23: SIM SYSTÈME | K23: Date: | L23: 43314
D24: Adresse: | E24: KM2 ROUTE DE TUNIS KELIBIA | K24: Ref Commande:
D25: Code postal: | E25: 8090 | F25: Ville: | G25: KELIBIA | I25: PAYS | J25: TN | K25: Responsable: | L25: Mr MAHER
A26: 71 | D26: Téléphone: | E26: 72 295 501 FAX :72 296 495 | K26: MF: | L26: 023410P/A/M/000
D30: Référence | E30: Quantité | F30: Description | L30: P.U. | M30: Montant
D34: FTH002 | E34: 15 | F34: HABILITATION TRAVAIL EN HAUTEUR | L34: 150 | M34: =IF(E34<>"",E34*L34,"") -> 2250
F35: 150 DT PAR PERSONNE
F37: COMPRENANT : | M37: =IF(E37<>"",E37*L37,"")
F38: 1- PRESTATION DE L'ANIMATEUR | M38: =IF(E38<>"",E38*L38,"")
F39: 2- MISE A DISPOSITION DE MATERIEL | M39: =IF(E39<>"",E39*L39,"")
F40: PEDAGOGIQUE ET DE MATERIELS | M40: =IF(E40<>"",E40*L40,"")
F41: DE DEMONSTRATION PRATIQUE POUR | M41: =IF(E41<>"",E41*L41,"")
F42: LES STAGIAIRES . | M42: =IF(E42<>"",E42*L42,"")
F43: 3- REMISE D'UNE DOCUMENTATION | M43: =IF(E43<>"",E43*L43,"")
F44: RICHE POUR LES PARTICIPANTS . | M44: =IF(E44<>"",E44*L44,"")
M45: =IF(E45<>"",E45*L45,"")
F46: N.B: | M46: =IF(E46<>"",E46*L46,"")
F47: CE STAGE EST SANCTIONNE PAR UN VISA | M47: =IF(E47<>"",E47*L47,"")
F48: D'APTITUDE INTERNATIONNALE . | M48: =IF(E48<>"",E48*L48,"")
F49: VALABLE 3ANS | M49: =IF(E49<>"",E49*L49,"")
M50: =IF(E50<>"",E50*L50,"")
M51: =IF(E51<>"",E51*L51,"")
L52: Total H.T. | M52: =SUM(M31:M51) -> 2250
L53: TIMBRE FISCAL | M53: 0.6
F54: Comptant | L54: T.V.A 19% | M54: =M52*0.19 -> 427.5
F55: Chèque | L55: Total T.T.C. | M55: =M52+M54+M53 -> 2678.1
E56: 2
C57: ARRETE LA PRESENTE DEVIS A LA SOMME DE: DEUX MILLE SIX CENT SOIXANTE DIX HUIT DINARS ET 100 MILLIMES

Sheet Patientez un instant...

Sheet TemplateInformation
A1: AutoTemplateWizardDONTMESSWITHIT
A2: Database Type: | B2: Excel 5.0
A3: Database Location: | B3: C:\PROGRAM FILES\MICROSOFT OFFICE\OFFICE\MACROLIB\factbd.xls
A4: Reserved
A5: Number of Tables: | B5: 1
A6: 1 | B6: Table Name: | C6: France | D6: Number of Fields: | E6: 10 | G6: -727923968
A7: Field Name: | B7: Facture N° | C7: Date | D7: Nom | E7: Adresse | F7: Code postal | G7: Ville | H7: Pays | I7: Téléphone | J7: TOTAL | K7: Responsable
A8: Refers To: | B8: =Facture!$M$11 | C8: =Facture!$L$23 -> 43314 | D8: =Facture!$E$23 -> SIM SYSTÈME | E8: =Facture!$E$24 -> KM2 ROUTE DE TUNIS KELIBIA | F8: =Facture!$E$25 -> 8090 | G8: =Facture!$G$25 -> KELIBIA | H8: =Facture!$J$25 -> TN | I8: =Facture!$E$26 -> 72 295 501 FAX :72 296 495 | J8: =Facture!$M$55 -> 2678.1 | K8: =Facture!$L$25 -> Mr MAHER
A9: Reserved
G10: 324499967
G14: 1194546431

Sheet Macros
