Workbook
Name _SHR1: 'Personnaliser votre facture'!$D$30
Name _SHR2: 'Personnaliser votre facture'!$G$30
Name _Tax1: Facture!#REF!
Name _Tax2: Facture!$L$49
Name _Tax3: Facture!$L$51
Name _tax4: Facture!$L$51
Name boxes: Facture!$D$49:$D$50
Name CC: 'Personnaliser votre facture'!$G$22:$G$25
Name CCT: Facture!$G$51
Name CDB: 'Personnaliser votre facture'!$E$50
Name Country: 33
Name CS: 'Personnaliser votre facture'!$E$51
Name data1: Facture!$L$16
Name data10: Facture!$E$19
Name data11: Facture!#REF!
Name data12: Facture!#REF!
Name data13: Facture!#REF!
Name data14: Facture!#REF!
Name data15: Facture!#REF!
Name data16: Facture!#REF!
Name data17: Facture!#REF!
Name data18: Facture!#REF!
Name data19: Facture!#REF!
Name data2: Facture!$L$17
Name data20: Facture!#REF!
Name data21: Facture!#REF!
Name data22: Facture!#REF!
Name data23: Facture!#REF!
Name data24: Facture!#REF!
Name data25: Facture!#REF!
Name data26: Facture!#REF!
Name data27: Facture!#REF!
Name data28: Facture!#REF!
Name data29: Facture!#REF!
Name data3: Facture!$M$18
Name data30: Facture!#REF!
Name data31: Facture!#REF!
Name data32: Facture!#REF!
Name data33: Facture!#REF!
Name data34: Facture!#REF!
Name data35: Facture!#REF!
Name data36: Facture!#REF!
Name data37: Facture!#REF!
Name data38: Facture!#REF!
Name data39: Facture!#REF!
Name data4: Facture!$M$19
Name data40: Facture!#REF!
Name data41: Facture!#REF!
Name data42: Facture!#REF!
Name data43: Facture!#REF!
Name data44: Facture!#REF!
Name data45: Facture!$E$26
Name data46: Facture!#REF!
Name data47: Facture!$D$22
Name data48: Facture!$E$22
Name data49: Facture!$L$22
Name data5: Facture!$D$16
Name data50: Facture!#REF!
Name data51: Facture!#REF!
Name data52: Facture!#REF!

Sheet AutoOpen Stub Data

Sheet Personnaliser votre facture
D4: PERSONNALISER VOTRE FACTURE
G7: Placez votre point
G8: ICI pour un conseil utile
D10: Tapez les informations sur la société...
D12: Nom | E12: GAMESTREAM ATLAS ORGANISME DE FORMATION N° D'AGREMENT : 01 069 11 | F12: Numéro de téléphone
D13: Adresse | E13: 4 RUE DU CAIRE 1001 TUNIS | F13: Numéro de télécopie
D14: Code postal | E14: TEL: 71 258108
D15: Ville | E15: FAX : 71 259346
D16: Pays
D19: Spécifiez les informations par défaut…
E21: Taux de TVA à appliquer | G21: Cartes de crédit acceptées
D22: 1 | E22: 0.1
D23: 2 | E23: 0.18
D24: 3 | E24: 0.29
F27: TIMBRE FISCAL | G27: 0.2
D30: FALSE | E30: Partage de la numérotation du | F30: Emplacement
E31: modèle de facture sur le réseau | F31: du compteur
E33: Base de données de l'Assistant Modèle | F33: =LOWER(TemplateInformation!B3) -> c:\program files\microsoft office\office\macrolib\factbd.xls
D36: Informations sur la mise en forme
E47: 33
E48: 0
E49: FALSE
E50: FALSE
E51: Facture
E52: Facture

Sheet Facture
L13: OFFRE DE PRIX N° 2022-1658
C16: Nom | D16: EAET | K16: Date | L16: 44739
C17: Adresse | K17: N° BC :
C18: Code postal | E18: Ville | F18: TUNIS | H18: Pays | I18: TN | K18: Responsable | L18: Aymen
C19: Téléphone | K19: MF | L19: 13889X/A/M/000
C21: Référence | D21: Quantité | E21: Description | K21: Code T.V.A. | L21: P.U | M21: Montant
M22: =IF(D22<>"",D22*L22,"")
M23: =IF(D23<>"",D23*L23,"")
M24: =IF(D24<>"",D24*L24,"")
C25: 2120 | D25: 1 | E25: Harnais - ORBITAL | L25: 300 | M25: =IF(D25<>"",D25*L25,"") -> 300
M26: =IF(D26<>"",D26*L26,"")
C27: 94111 | D27: 1 | E27: Harnais Golden Top Plus | L27: 580 | M27: =IF(D27<>"",D27*L27,"") -> 580
M28: =IF(D28<>"",D28*L28,"")
C29: 2034080 | D29: 1 | E29: Sangle | L29: 35 | M29: =IF(D29<>"",D29*L29,"") -> 35
M30: =IF(D30<>"",D30*L30,"")
C31: 2075 | D31: 1 | E31: ENROULEUR 30M | L31: 2940 | M31: =IF(D31<>"",D31*L31,"") -> 2940
M32: =IF(D32<>"",D32*L32,"")
C33: 2078 | D33: 1 | E33: ENROULEUR 20M | L33: 2189 | M33: =IF(D33<>"",D33*L33,"") -> 2189
M34: =IF(D34<>"",D34*L34,"")
M35: =IF(D35<>"",D35*L35,"")
C36: 999 | D36: 1 | E36: Gobline | L36: 420 | M36: =IF(D36<>"",D36*L36,"") -> 420
M37: =IF(D37<>"",D37*L37,"")
C38: 1963 | D38: 1 | E38: Selette de travail | L38: 230 | M38: =IF(D38<>"",D38*L38,"") -> 230
M39: =IF(D39<>"",D39*L39,"")
C40: 981 | D40: 1 | E40: mousqueton | L40: 24 | M40: =IF(D40<>"",D40*L40,"") -> 24
M41: =IF(D41<>"",D41*L41,"")
M45: =IF(D45<>"",D45*L45,"")
M46: =IF(D46<>"",D46*L46,"")
L47: Total H.T. | M47: =SUM(M24:M43) -> 6718
L48: TIMBRE FISCAL | M48: 0.6
E49: Comptant | L49: =19% -> 0.19 | M49: =+M47*19% -> 1276.42
E50: Chèque | L50: Total T.T.C. | M50: =+M47+M48+M49 -> 7995.02
D51: 2 | E51: Virement
J55: SIGNATURE :
C58: 4 RUE DU CAIRE 1001 TUNIS TEL: 71 258108 FAX : 71 259346 RC:B161701999 MF:645 267 KMA 000
C59: Site web:www.acrobatsolution.com
B60: MAIL: gamestream@plane.tn///////gamestream.formation@gmail.com
D61: RIB BANCAIRE :10 000 000 080746 3 788 95 STB HABIB THAMEUR

Sheet Feuil1

Sheet Patientez un instant...

Sheet TemplateInformation
A1: AutoTemplateWizardDONTMESSWITHIT
A2: Database Type: | B2: Excel 5.0
A3: Database Location: | B3: C:\PROGRAM FILES\MICROSOFT OFFICE\OFFICE\MACROLIB\factbd.xls
A4: Reserved
A5: Number of Tables: | B5: 1
A6: 1 | B6: Table Name: | C6: France | D6: Number of Fields: | E6: 10 | G6: -1383939328
A7: Field Name: | B7: Facture N° | C7: Date | D7: Nom | E7: Adresse | F7: Code postal | G7: Ville | H7: Pays | I7: Téléphone | J7: TOTAL | K7: Responsable
A8: Refers To: | B8: =Facture!$M$11 | C8: =Facture!$L$16 -> 44739 | D8: =Facture!$D$16 -> EAET | E8: =Facture!$D$17 -> 0 | F8: =Facture!$D$18 -> 0 | G8: =Facture!$F$18 -> TUNIS | H8: =Facture!$I$18 -> TN | I8: =Facture!$D$19 -> 0 | J8: =Facture!$M$52 | K8: =Facture!$L$18 -> Aymen
A9: Reserved
G10: -1261995520
G14: -462007040

Sheet Macros
