Workbook
Name _SHR1: 'Personnaliser votre facture'!$D$30
Name _SHR2: 'Personnaliser votre facture'!$G$30
Name _Tax1: Facture!#REF!
Name _Tax2: Facture!$M$62
Name _Tax3: Facture!#REF!
Name _tax4: Facture!#REF!
Name boxes: Facture!$E$62:$E$63
Name CC: 'Personnaliser votre facture'!$G$22:$G$25
Name CCT: Facture!$H$64
Name CDB: 'Personnaliser votre facture'!$E$50
Name Country: 33
Name CS: 'Personnaliser votre facture'!$E$51
Name data1: Facture!$M$23
Name data10: Facture!$F$26
Name data11: Facture!#REF!
Name data12: Facture!#REF!
Name data13: Facture!#REF!
Name data14: Facture!#REF!
Name data15: Facture!#REF!
Name data16: Facture!#REF!
Name data17: Facture!#REF!
Name data18: Facture!#REF!
Name data19: Facture!#REF!
Name data2: Facture!$N$24
Name data20: Facture!#REF!
Name data21: Facture!#REF!
Name data22: Facture!#REF!
Name data23: Facture!#REF!
Name data24: Facture!#REF!
Name data25: Facture!#REF!
Name data26: Facture!#REF!
Name data27: Facture!#REF!
Name data28: Facture!#REF!
Name data29: Facture!#REF!
Name data3: Facture!$N$25
Name data30: Facture!#REF!
Name data31: Facture!#REF!
Name data32: Facture!#REF!
Name data33: Facture!#REF!
Name data34: Facture!#REF!
Name data35: Facture!#REF!
Name data36: Facture!#REF!
Name data37: Facture!#REF!
Name data38: Facture!#REF!
Name data39: Facture!#REF!
Name data4: Facture!$N$26
Name data40: Facture!#REF!
Name data41: Facture!#REF!
Name data42: Facture!#REF!
Name data43: Facture!#REF!
Name data44: Facture!#REF!
Name data45: Facture!#REF!
Name data46: Facture!#REF!
Name data47: Facture!$E$28
Name data48: Facture!$F$28
Name data49: Facture!$M$28
Name data5: Facture!$E$23
Name data50: Facture!$E$33
Name data51: Facture!$F$33
Name data52: Facture!$M$33

Sheet AutoOpen Stub Data

Sheet Personnaliser votre facture
D4: PERSONNALISER VOTRE FACTURE
G7: Placez votre point
G8: ICI pour un conseil utile
D10: Tapez les informations sur la société...
D12: Nom | E12: GAMESYSTEM ATLAS services | F12: Numéro de téléphone
D13: Adresse | E13: 4 RUE DU CAIRE 1001 TUNIS | F13: Numéro de télécopie
D14: Code postal | E14: TEL: 71 258108
D15: Ville | E15: FAX : 71 259346
D16: Pays
D19: Spécifiez les informations par défaut…
E21: Taux de TVA à appliquer | G21: Cartes de crédit acceptées
D22: 1 | E22: 0.1
D23: 2 | E23: 0.18
D24: 3 | E24: 0.29
F27: TIMBRE FISCAL | G27: 0.2
D30: FALSE | E30: Partage de la numérotation du | F30: Emplacement
E31: modèle de facture sur le réseau | F31: du compteur
E33: Base de données de l'Assistant Modèle | F33: =LOWER(TemplateInformation!B3) -> c:\program files\microsoft office\office\macrolib\factbd.xls
D36: Informations sur la mise en forme
E47: 33
E48: 0
E49: FALSE
E50: FALSE
E51: Facture
E52: Facture

Sheet Facture
D18: RCD:B161701999 MF:645 267 KMA 000
L19: FACTURE N°2020-043
D23: Nom: | E23: AFRIKISOL ETUDES ET REALISATION | L23: Date | M23: 44053
D24: Adresse: | E24: TUNIS | L24: Réf. commande | M24: 00049
D25: Code postal: 2033 | F25: Ville | I25: Pays | J25: TUNISIE | L25: Responsable | M25: Mr NADER SAIDI
D26: Téléphone: | E26: 72 570 625 FAX:72 571 322 | L26: MF | M26: 1441134Z/A/M/000
D27: Référence | E27: Quantité | F27: Description | L27: Code T.V.A. | M27: P.U. | N27: Montant
N28: =IF(E28<>"",E28*M28,"")
E29: 1 | F29: FOURNITURE ET INSTALLATION FIXE DE LIGNE DE VIE HORIZ | L29: 2 | M29: 2890 | N29: =IF(E29<>"",E29*M29,"") -> 2890
F30: DE 25 m SUR batiment ancien | N30: =IF(E30<>"",E30*M30,"")
F31: COMPRENANT de : | N31: =IF(E31<>"",E31*M31,"")
F32: 25m CABLE INOX | N32: =IF(E32<>"",E32*M32,"")
F33: 2 POTELTS EXTREMITES | N33: =IF(E33<>"",E33*M33,"")
F34: 2 POTELETS INTERMEDIAIRES | N34: =IF(E34<>"",E34*M34,"")
F35: 2 PIECES INTER | N35: =IF(E35<>"",E35*M35,"")
F36: 2 PIECES EXTREMITE | N36: =IF(E36<>"",E36*M36,"")
F37: 1 TENDEUR | N37: =IF(E37<>"",E37*M37,"")
F38: 1 ABSORBEUR D'ENERGIE
F39: 2 SERTISSAGE FROID | N39: =IF(E39<>"",E39*M39,"")
E41: 1 | F41: LIGNE DE VIE VERTICALE POUR L'ACCES SUR TOIT | L41: 2 | M41: 975 | N41: =IF(E41<>"",E41*M41,"") -> 975
E42: 1 | F42: CHARIOT LV VERTICAL | L42: 2 | M42: 390 | N42: =IF(E42<>"",E42*M42,"") -> 390
F43: L'ENSEMBLE EST CONFORME A LA EN795 | N43: =IF(E43<>"",E43*M43,"")
F44: AVEC NOTE DE CALCUL | N44: =IF(E44<>"",E44*M44,"")
F45: N.B:1/ L'APROBATION DE L'INSTALLATION PAR UN | N45: =IF(E45<>"",E45*M45,"")
F46: BUREAU DE CONTRÔLE EST SOUS VOTRE CHARGE | N46: =IF(E46<>"",E46*M46,"")
F47: 2/LA FOURNITURE MOBILE DES LIGNES DE VIE EST | N47: =IF(E47<>"",E47*M47,"")
F48: FOURNIE PAR VOS SOINS | N48: =IF(E48<>"",E48*M48,"")
N50: =IF(E50<>"",E50*M50,"")
F52: MODE DE PAIEMENT:
F54: 3000 DT AVANCE A LA RECEPTION DU BON DE COMMANDE
F55: LE RESTE A LA FIN DES TRAVAUX | N55: =IF(E55<>"",E55*M55,"")
M60: Total H.T. | N60: =SUM(N28:N59) -> 4255
M61: TIMBRE FISCAL | N61: 0.6
M62: TVA=19% | N62: =+N60*19% -> 808.45
E63: Comptant | M63: Total T.T.C. | N63: =SUM(N60:N63) -> 5064.05
E64: Chèque
F66: TOUS NOS PRODUITS SONT CONFORMES AUX NORMES DE SÉCURITÉ "CEE" ET PRESENTENT LE CERTIFICAT DE CONFORMITE
E70: 4 RUE DU CAIRE 1001 TUNIS Tél : (216).71 258 108 Fax : (216).71 259 346

Sheet Patientez un instant...

Sheet TemplateInformation
A1: AutoTemplateWizardDONTMESSWITHIT
A2: Database Type: | B2: Excel 5.0
A3: Database Location: | B3: C:\PROGRAM FILES\MICROSOFT OFFICE\OFFICE\MACROLIB\factbd.xls
A4: Reserved
A5: Number of Tables: | B5: 1
A6: 1 | B6: Table Name: | C6: France | D6: Number of Fields: | E6: 10 | G6: 1518125823
A7: Field Name: | B7: Facture N° | C7: Date | D7: Nom | E7: Adresse | F7: Code postal | G7: Ville | H7: Pays | I7: Téléphone | J7: TOTAL | K7: Responsable
A8: Refers To: | B8: =Facture!$N$4 | C8: =Facture!$M$23 -> 44053 | D8: =Facture!$E$23 -> AFRIKISOL ETUDES ET REALISATION | E8: =Facture!$E$24 -> TUNIS | F8: =Facture!$E$25 -> 0 | G8: =Facture!$G$25 -> 0 | H8: =Facture!$J$25 -> TUNISIE | I8: =Facture!$E$26 -> 72 570 625 FAX:72 571 322 | J8: =Facture!$N$63 -> 5064.05 | K8: =Facture!$M$25 -> Mr NADER SAIDI
A9: Reserved
G10: 27032063
G14: 1024611583

Sheet Macros
