Workbook
Name _SHR1: 'Personnaliser votre facture'!$D$30
Name _SHR2: 'Personnaliser votre facture'!$G$30
Name _Tax1: Facture!#REF!
Name _Tax2: Facture!$L$42
Name _Tax3: Facture!#REF!
Name _tax4: Facture!#REF!
Name boxes: Facture!$E$42:$E$42
Name CC: 'Personnaliser votre facture'!$G$22:$G$25
Name CCT: Facture!$H$43
Name CDB: 'Personnaliser votre facture'!$E$50
Name Country: 33
Name CS: 'Personnaliser votre facture'!$E$51
Name data1: Facture!$K$19
Name data10: Facture!$F$22
Name data11: Facture!$E$25
Name data12: Facture!$F$25
Name data13: Facture!$L$25
Name data14: Facture!$E$26
Name data15: Facture!$F$26
Name data16: Facture!$L$26
Name data17: Facture!#REF!
Name data18: Facture!#REF!
Name data19: Facture!#REF!
Name data2: Facture!$M$20
Name data20: Facture!$E$27
Name data21: Facture!$F$27
Name data22: Facture!$L$27
Name data23: Facture!#REF!
Name data24: Facture!#REF!
Name data25: Facture!#REF!
Name data26: Facture!#REF!
Name data27: Facture!#REF!
Name data28: Facture!#REF!
Name data29: Facture!#REF!
Name data3: Facture!$L$21
Name data30: Facture!#REF!
Name data31: Facture!#REF!
Name data32: Facture!#REF!
Name data33: Facture!#REF!
Name data34: Facture!#REF!
Name data35: Facture!#REF!
Name data36: Facture!#REF!
Name data37: Facture!#REF!
Name data38: Facture!#REF!
Name data39: Facture!#REF!
Name data4: Facture!$M$22
Name data40: Facture!#REF!
Name data41: Facture!#REF!
Name data42: Facture!#REF!
Name data43: Facture!#REF!
Name data44: Facture!#REF!
Name data45: Facture!$F$34
Name data46: Facture!#REF!
Name data47: Facture!$E$28
Name data48: Facture!$F$28
Name data49: Facture!$L$28
Name data5: Facture!$E$19
Name data50: Facture!#REF!
Name data51: Facture!#REF!
Name data52: Facture!#REF!

Sheet AutoOpen Stub Data

Sheet Personnaliser votre facture
D4: PERSONNALISER VOTRE FACTURE
G7: Placez votre point
G8: ICI pour un conseil utile
D10: Tapez les informations sur la société...
D12: Nom | E12: GAMESTREAM ATLAS ORGANISME DE FORMATION N° D'AGREMENT : 01 069 11 | F12: Numéro de téléphone
D13: Adresse | E13: 4 RUE DU CAIRE 1001 TUNIS | F13: Numéro de télécopie
D14: Code postal | E14: TEL: 71 258108
D15: Ville | E15: FAX : 71 259346
D16: Pays
D19: Spécifiez les informations par défaut…
E21: Taux de TVA à appliquer | G21: Cartes de crédit acceptées
D22: 1 | E22: 0.1
D23: 2 | E23: 0.18
D24: 3 | E24: 0.29
F27: TIMBRE FISCAL | G27: 0.2
D30: FALSE | E30: Partage de la numérotation du | F30: Emplacement
E31: modèle de facture sur le réseau | F31: du compteur
E33: Base de données de l'Assistant Modèle | F33: =LOWER(TemplateInformation!B3) -> c:\program files\microsoft office\office\macrolib\factbd.xls
D36: Informations sur la mise en forme
E47: 33
E48: 0
E49: FALSE
E50: FALSE
E51: Facture
E52: Facture

Sheet Facture
L15: FACTURE2016050
D19: Nom | E19: HUAWEI tech Investment Co Ltd | K19: Date 29/12/2016
D20: Adresse | E20: Immeuble Neifar-Bloc B -Rue de la Bourse-LAC | K20: COMMANDE : N
D21: Code postal | E21: 1053 | F21: Ville | G21: TUNIS | I21: Pays | J21: TN | K21: responsable: Mr Mohammed Hammami
D22: Téléphone | K22: M.F :830436V
D24: Référence | E24: Quantité | F24: Description | L24: P.U. | M24: Montant
M25: =IF(E25<>"",E25*L25,"")
M26: =IF(E26<>"",E26*L26,"")
M27: =IF(E27<>"",E27*L27,"")
E28: 20 | F28: CAMP SAFETY HELMET :armour ref 190.EN 12492 | L28: 85 | M28: =IF(E28<>"",E28*L28,"") -> 1700
M29: =IF(E29<>"",E29*L29,"")
E30: 35 | F30: GILET FLUO | L30: 12 | M30: =IF(E30<>"",E30*L30,"") -> 420
M31: =IF(E31<>"",E31*L31,"")
M36: =IF(E36<>"",E36*L36,"")
M40: =IF(E40<>"",E40*L40,"")
L41: Total H.T. | M41: =SUM(M25:M40) -> 2120
F42: Comptant | L42: =IF(dflt2<>"",dflt2,"") -> 0.18 | M42: =M41*0.18 -> 381.6
E43: 3 | F43: Chèque | L43: TIMBRE FISCAL | M43: 0.5
L44: Total T.T.C. | M44: =+M41+M42+M43 -> 2502.1
D45: ARRETE LA PRESENTE FACTURE A LA SOMME DE DEUX MILLES CINQ CENT DEUX DINARS ET 100 MILLIMES | L45: dont T.V.A. | M45: =M42 -> 381.6
K47: SIGNATURE :

Sheet Patientez un instant...

Sheet TemplateInformation
A1: AutoTemplateWizardDONTMESSWITHIT
A2: Database Type: | B2: Excel 5.0
A3: Database Location: | B3: C:\PROGRAM FILES\MICROSOFT OFFICE\OFFICE\MACROLIB\factbd.xls
A4: Reserved
A5: Number of Tables: | B5: 1
A6: 1 | B6: Table Name: | C6: France | D6: Number of Fields: | E6: 10 | G6: -1383939328
A7: Field Name: | B7: Facture N° | C7: Date | D7: Nom | E7: Adresse | F7: Code postal | G7: Ville | H7: Pays | I7: Téléphone | J7: TOTAL | K7: Responsable
A8: Refers To: | B8: =Facture!$M$11 | C8: =Facture!$K$19 -> Date 29/12/2016 | D8: =Facture!$E$19 -> HUAWEI tech Investment Co Ltd | E8: =Facture!$E$20 -> Immeuble Neifar-Bloc B -Rue de la Bourse-LAC | F8: =Facture!$E$21 -> 1053 | G8: =Facture!$G$21 -> TUNIS | H8: =Facture!$J$21 -> TN | I8: =Facture!$E$22 -> 0 | J8: =Facture!$M$44 -> 2502.1 | K8: =Facture!$K$21 -> responsable: Mr Mohammed Hammami
A9: Reserved
G10: -1261995520
G14: -462007040

Sheet Macros
