Workbook
Name _SHR1: Personnaliser_votre_facture!$D$30
Name _SHR2: Personnaliser_votre_facture!$G$30
Name _Tax1: Facture!#REF!
Name _Tax2: Facture!$K$52
Name _Tax3: Facture!$K$54
Name _tax4: Facture!$K$54
Name boxes: Facture!$C$52:$C$53
Name CC: Personnaliser_votre_facture!$G$22:$G$25
Name CCT: Facture!$F$54
Name CDB: Personnaliser_votre_facture!$E$50
Name Country: 33
Name CS: Personnaliser_votre_facture!$E$51
Name data1: Facture!$K$21
Name data10: Facture!$D$24
Name data11: Facture!#REF!
Name data12: Facture!#REF!
Name data13: Facture!#REF!
Name data14: Facture!#REF!
Name data15: Facture!#REF!
Name data16: Facture!#REF!
Name data17: Facture!#REF!
Name data18: Facture!#REF!
Name data19: Facture!#REF!
Name data2: Facture!$L$22
Name data20: Facture!#REF!
Name data21: Facture!#REF!
Name data22: Facture!#REF!
Name data23: Facture!#REF!
Name data24: Facture!#REF!
Name data25: Facture!#REF!
Name data26: Facture!#REF!
Name data27: Facture!#REF!
Name data28: Facture!#REF!
Name data29: Facture!#REF!
Name data3: Facture!$L$23
Name data30: Facture!#REF!
Name data31: Facture!#REF!
Name data32: Facture!#REF!
Name data33: Facture!#REF!
Name data34: Facture!#REF!
Name data35: Facture!#REF!
Name data36: Facture!#REF!
Name data37: Facture!#REF!
Name data38: Facture!#REF!
Name data39: Facture!#REF!
Name data4: Facture!$L$24
Name data40: Facture!#REF!
Name data41: Facture!#REF!
Name data42: Facture!#REF!
Name data43: Facture!#REF!
Name data44: Facture!#REF!
Name data45: Facture!#REF!
Name data46: Facture!#REF!
Name data47: Facture!$C$27
Name data48: Facture!$D$27
Name data49: Facture!$K$27
Name data5: Facture!$C$21
Name data50: Facture!#REF!
Name data51: Facture!#REF!
Name data52: Facture!#REF!

Sheet AutoOpen_Stub_Data

Sheet Personnaliser_votre_facture
D4: PERSONNALISER VOTRE FACTURE
G7: Placez votre point
G8: ICI pour un conseil utile
D10: Tapez les informations sur la société...
D12: Nom | E12: GAMESTREAM ATLAS ORGANISME DE FORMATION N° D'AGREMENT : 01 069 11 | F12: Numéro de téléphone
D13: Adresse | E13: 4 RUE DU CAIRE 1001 TUNIS | F13: Numéro de télécopie
D14: Code postal | E14: TEL: 71 258108
D15: Ville | E15: FAX : 71 259346
D16: Pays
D19: Spécifiez les informations par défaut…
E21: Taux de TVA à appliquer | G21: Cartes de crédit acceptées
D22: 1 | E22: 0.1
D23: 2 | E23: 0.18
D24: 3 | E24: 0.29
F27: TIMBRE FISCAL | G27: 0.2
D30: FALSE | E30: Partage de la numérotation du | F30: Emplacement
E31: modèle de facture sur le réseau | F31: du compteur
E33: Base de données de l'Assistant Modèle | F33: =LOWER(TemplateInformation!B3) -> c:\program files\microsoft office\office\macrolib\factbd.xls
D36: Informations sur la mise en forme
E47: 33
E48: 0
E49: FALSE
E50: FALSE
E51: Facture
E52: Facture

Sheet Facture
K13: http://www.camp.it
K17: DEVIS N° 2024-074
B21: Nom | C21: LEADERS INTERNATIONAL TRANS-TUNISIA | J21: Date | K21: 44936
B22: Adresse | C22: AV DE LA BOURSE LES JARDINS DU LAC | J22: Commande N°:
B23: Code postal | D23: Ville | G23: Pays | H23: TN | J23: Responsable
B24: Téléphone | J24: MF | K24: 1824883K/N/N/000
B26: Référence | C26: Quantité | D26: Description | K26: P.U | L26: Montant
C27: 8 | D27: harnais d'escalade :FALCON MOUNTAIN PETZL ultralight seat harness designed for rescue interventions with climbing technique | K27: 630 | L27: =IF(C27<>"",C27*K27,"") -> 5040
L28: =IF(C28<>"",C28*K28,"")
C29: 15 | D29: mousqueton à vis | K29: 24 | L29: =IF(C29<>"",C29*K29,"") -> 360
C30: 2 | D30: Grigri descender | K30: 408 | L30: =IF(C30<>"",C30*K30,"") -> 816
C31: 8 | D31: casque : ALPIN helmet for work at height. With chin strap and quilted adjustment for the craneal perimeter | K31: 138 | L31: =IF(C31<>"",C31*K31,"") -> 1104
L32: =IF(C32<>"",C32*K32,"")
C33: 2 | D33: corde dynamique (60m) 10.1 mm | K33: 720 | L33: =IF(C33<>"",C33*K33,"") -> 1440
C34: 9 | D34: Dégaine SPIRIT EXPRESS | K34: 105 | L34: =IF(C34<>"",C34*K34,"") -> 945
C35: 8 | D35: Longe simple réglable pour l'escalade | K35: 270 | L35: =IF(C35<>"",C35*K35,"") -> 2160
C36: 1 | D36: kit speleo 45 litres | K36: 540 | L36: =IF(C36<>"",C36*K36,"") -> 540
C37: 5 | D37: Bloquer poignée | K37: 222 | L37: =IF(C37<>"",C37*K37,"") -> 1110
C38: 5 | D38: Bloquer ventrale | K38: 252 | L38: =IF(C38<>"",C38*K38,"") -> 1260
C39: 1 | D39: corde semi statique 200m | K39: 1044 | L39: =IF(C39<>"",C39*K39,"") -> 1044
C40: 5 | D40: Descendeur :Descender I´D S self-braking descender for rescue, with anti-panic function | K40: 978 | L40: =IF(C40<>"",C40*K40,"") -> 4890
L41: =IF(C41<>"",C41*K41,"")
C42: 5 | D42: Torse : Top harness CHEST'AIR for FALCOM PETZL seat harness | K42: 540 | L42: =IF(C42<>"",C42*K42,"") -> 2700
C43: 5 | D43: Harnais de spéléologie | K43: 732 | L43: =IF(C43<>"",C43*K43,"") -> 3660
C44: 5 | D44: DEMI ROND | K44: 84 | L44: =IF(C44<>"",C44*K44,"") -> 420
C45: 5 | D45: Longe double asymétrique pour la spéléologie | K45: 126 | L45: =IF(C45<>"",C45*K45,"") -> 630
C46: 1 | D46: frais de livraison | K46: 250 | L46: =IF(C46<>"",C46*K46,"") -> 250
L49: =IF(C49<>"",C49*K49,"")
K50: Total H.T. | L50: =SUM(L27:L47) -> 28369
K51: TIMBRE FISCAL | L51: 1
D52: Comptant | K52: 0.19 | L52: =L50*0.19 -> 5390.11
D53: Chèque | K53: Total T.T.C. | L53: =+L50+L51+L52 -> 33760.11
C54: 3 | D54: Virement
K55: SIGNATURE & CACHET :
A57: RIB: 10 000 000 080746 3788 95
A58: STB THAMEUR
C60: 4 RUE DU CAIRE 1001 TUNIS TEL: 71 258108 FAX : 71 259346 RC:B161701999 MF:645 267 KMA 000
D61: Site web:www.acrobatsolution.com
C62: MAIL: gamestream@plane.tn///////gamestream.formation@gmail.com

Sheet Patientez_un_instant___

Sheet TemplateInformation
A1: AutoTemplateWizardDONTMESSWITHIT
A2: Database Type: | B2: Excel 5.0
A3: Database Location: | B3: C:\PROGRAM FILES\MICROSOFT OFFICE\OFFICE\MACROLIB\factbd.xls
A4: Reserved
A5: Number of Tables: | B5: 1
A6: 1 | B6: Table Name: | C6: France | D6: Number of Fields: | E6: 10 | G6: -1383939328
A7: Field Name: | B7: Facture N° | C7: Date | D7: Nom | E7: Adresse | F7: Code postal | G7: Ville | H7: Pays | I7: Téléphone | J7: TOTAL | K7: Responsable
A8: Refers To: | B8: =Facture!#REF! -> #REF! | C8: =Facture!$K$21 -> 44936 | D8: =Facture!$C$21 -> LEADERS INTERNATIONAL TRANS-TUNISIA | E8: =Facture!$C$22 -> AV DE LA BOURSE LES JARDINS DU LAC | F8: =Facture!$C$23 -> 0 | G8: =Facture!$E$23 -> 0 | H8: =Facture!$H$23 -> TN | I8: =Facture!$C$24 -> 0 | J8: =Facture!$L$53 -> 33760.11 | K8: =Facture!$K$23 -> 0
A9: Reserved
G10: -1261995520
G14: -462007040

Sheet Macros
